{
  "properties": {
    "connectionReferences": {
      "shared_office365_1": {
        "runtimeSource": "embedded",
        "connection": {
          "connectionReferenceLogicalName": "pei_sharedoffice365_12f8a"
        },
        "api": {
          "name": "shared_office365"
        }
      },
      "shared_sharepointonline": {
        "runtimeSource": "embedded",
        "connection": {
          "connectionReferenceLogicalName": "new_sharedsharepointonline_43050"
        },
        "api": {
          "name": "shared_sharepointonline"
        }
      }
    },
    "definition": {
      "$schema": "https://schema.management.azure.com/providers/Microsoft.Logic/schemas/2016-06-01/workflowdefinition.json#",
      "contentVersion": "1.0.0.0",
      "parameters": {
        "$connections": {
          "defaultValue": {},
          "type": "Object"
        },
        "$authentication": {
          "defaultValue": {},
          "type": "SecureObject"
        },
        "InnovationCampaignSiteURL (new_InnovationCampaignSiteURL)": {
          "defaultValue": "https://gencompany.sharepoint.com/sites/SZC-O365Grp-SZCDigitalReports",
          "type": "String",
          "metadata": {
            "schemaName": "new_InnovationCampaignSiteURL"
          }
        },
        "InnovationCampaign_ListURL (new_InnovationCampaign_ListURL)": {
          "defaultValue": "8678356d-0ffa-4fb6-b93e-6d78cf13223d",
          "type": "String",
          "metadata": {
            "schemaName": "new_InnovationCampaign_ListURL"
          }
        }
      },
      "triggers": {
        "When_an_item_is_created": {
          "recurrence": {
            "interval": 1,
            "frequency": "Minute"
          },
          "splitOn": "@triggerOutputs()?['body/value']",
          "metadata": {
            "operationMetadataId": "6bb72da1-799e-47c4-9885-e13b4e0e5196"
          },
          "type": "OpenApiConnection",
          "inputs": {
            "host": {
              "connectionName": "shared_sharepointonline",
              "operationId": "GetOnNewItems",
              "apiId": "/providers/Microsoft.PowerApps/apis/shared_sharepointonline"
            },
            "parameters": {
              "dataset": "@parameters('InnovationCampaignSiteURL (new_InnovationCampaignSiteURL)')",
              "table": "@parameters('InnovationCampaign_ListURL (new_InnovationCampaign_ListURL)')"
            },
            "authentication": "@parameters('$authentication')"
          }
        }
      },
      "actions": {
        "Send_an_email_(V2)": {
          "runAfter": {
            "Apply_to_each": [
              "Succeeded"
            ]
          },
          "metadata": {
            "operationMetadataId": "d7199e81-3d13-4533-ad7a-d7f3fc1a430d"
          },
          "type": "OpenApiConnection",
          "inputs": {
            "host": {
              "connectionName": "shared_office365_1",
              "operationId": "SendEmailV2",
              "apiId": "/providers/Microsoft.PowerApps/apis/shared_office365"
            },
            "parameters": {
              "emailMessage/To": "@triggerOutputs()?['body/Author/Email']",
              "emailMessage/Subject": "SZC Innovation Hub: Open Innovative Idea Submitted",
              "emailMessage/Body": "<p>Thank you for submitting your Open Innovative Idea in the SZC Innovation Hub.<br>\n<br>\nOpen Innovative Idea Details are below :<br>\n<br>\nTitle : @{triggerOutputs()?['body/Title']}<br><br>\nTheme : @{variables('Theme')}<br><br>\nDescription : @{triggerOutputs()?['body/Description']}<br><br>\n<br>\nIf this Innovative Idea is implemented, who would benefit from it and how? : @{triggerOutputs()?['body/Benefit']}<br><br>\n<br>\nYou can visit your Innovative Idea and explore others in the @{variables('VarAppURL')} </p>",
              "emailMessage/From": "Prog.Innovation@sizewellc.com",
              "emailMessage/Importance": "Normal"
            },
            "authentication": "@parameters('$authentication')"
          }
        },
        "Initialize_variable": {
          "runAfter": {},
          "metadata": {
            "operationMetadataId": "53d675fd-e22a-46e5-8237-eede0003bcb4"
          },
          "type": "InitializeVariable",
          "inputs": {
            "variables": [
              {
                "name": "Theme",
                "type": "string"
              }
            ]
          }
        },
        "Apply_to_each": {
          "foreach": "@triggerOutputs()?['body/ProgramFunction']",
          "actions": {
            "Append_to_string_variable": {
              "runAfter": {},
              "metadata": {
                "operationMetadataId": "6bd0e768-c8a4-4124-b916-c882c3d5d022"
              },
              "type": "AppendToStringVariable",
              "inputs": {
                "name": "Theme",
                "value": "@items('Apply_to_each')?['Value']"
              }
            }
          },
          "runAfter": {
            "Initialize_variable_2": [
              "Succeeded"
            ]
          },
          "metadata": {
            "operationMetadataId": "36a01a7b-4d17-4a1e-9086-356451df3fd6"
          },
          "type": "Foreach"
        },
        "Initialize_variable_2": {
          "runAfter": {
            "Initialize_variable": [
              "Succeeded"
            ]
          },
          "metadata": {
            "operationMetadataId": "01ce2dda-00c2-4506-a21a-1db07eda0f2a"
          },
          "type": "InitializeVariable",
          "inputs": {
            "variables": [
              {
                "name": "VarAppURL",
                "type": "string",
                "value": "<a href =\"https://apps.powerapps.com/play/e/6291e5f2-e4f0-e62a-b163-4c8d67aafdab/a/b74ff1d7-61db-4890-b836-1a4aece643b0?tenantId=1a67444e-6d14-4022-b01c-c225b1c02a3c&hint=168cf971-ddd2-4467-9f31-78a9266f3c45&sourcetime=1763466266372\">SZC Innovation Hub</a>"
              }
            ]
          }
        }
      }
    },
    "templateName": ""
  },
  "schemaVersion": "1.0.0.0"
}