<environmentvariabledefinition schemaname="pei_IC_Campaign_Users">
  <apiid>/providers/microsoft.powerapps/apis/shared_sharepointonline</apiid>
  <displayname default="IC_Campaign_Users">
    <label description="IC_Campaign_Users" languagecode="1033" />
  </displayname>
  <introducedversion>1.0.0.32</introducedversion>
  <iscustomizable>1</iscustomizable>
  <isrequired>0</isrequired>
  <parameterkey>table</parameterkey>
  <parentdefinitionid>
    <schemaname>new_InnovationCampaignSiteURL</schemaname>
  </parentdefinitionid>
  <secretstore>0</secretstore>
  <type>100000004</type>
</environmentvariabledefinition>