<ImportExportXml xmlns:xsi="http://www.w3.org/2001/XMLSchema-instance" OrganizationVersion="9.2.25072.180" OrganizationSchemaType="Standard" CRMServerServiceabilityVersion="9.2.25073.00188">
  <Entities></Entities>
  <Roles></Roles>
  <Workflows>
    <Workflow WorkflowId="{ff95bb3d-625a-f011-bec2-6045bd92fb8b}" Name="Email Requester of Vote Count">
      <JsonFileName>/Workflows/EmailRequesterofVoteCount-FF95BB3D-625A-F011-BEC2-6045BD92FB8B.json</JsonFileName>
      <Type>1</Type>
      <Subprocess>0</Subprocess>
      <Category>5</Category>
      <Mode>0</Mode>
      <Scope>4</Scope>
      <OnDemand>0</OnDemand>
      <TriggerOnCreate>0</TriggerOnCreate>
      <TriggerOnDelete>0</TriggerOnDelete>
      <AsyncAutodelete>0</AsyncAutodelete>
      <SyncWorkflowLogOnFailure>0</SyncWorkflowLogOnFailure>
      <StateCode>1</StateCode>
      <StatusCode>2</StatusCode>
      <RunAs>1</RunAs>
      <IsTransacted>1</IsTransacted>
      <IntroducedVersion>1.0.0.21</IntroducedVersion>
      <IsCustomizable>1</IsCustomizable>
      <IsCustomProcessingStepAllowedForOtherPublishers>1</IsCustomProcessingStepAllowedForOtherPublishers>
      <ModernFlowType>0</ModernFlowType>
      <PrimaryEntity>none</PrimaryEntity>
      <LocalizedNames>
        <LocalizedName languagecode="1033" description="Email Requester of Vote Count" />
      </LocalizedNames>
    </Workflow>
  </Workflows>
  <FieldSecurityProfiles></FieldSecurityProfiles>
  <Templates />
  <EntityMaps />
  <EntityRelationships />
  <OrganizationSettings />
  <optionsets />
  <CustomControls />
  <EntityDataProviders />
  <CanvasApps>
    <CanvasApp>
      <Name>new_pmoinnovationcampaign_cafeb</Name>
      <AppVersion>2025-07-22T15:40:53Z</AppVersion>
      <Status>Ready</Status>
      <CreatedByClientVersion>3.25071.7.0</CreatedByClientVersion>
      <MinClientVersion>3.25071.7.0</MinClientVersion>
      <Tags>{"primaryDeviceWidth":"1366","primaryDeviceHeight":"768","supportsPortrait":"true","supportsLandscape":"true","primaryFormFactor":"Tablet","showStatusBar":"false","publisherVersion":"3.25071.7","minimumRequiredApiVersion":"2.2.0","hasComponent":"true","hasUnlockedComponent":"true","isUnifiedRootApp":"false","sienaVersion":"20250721T151311Z-3.25071.7.0"}</Tags>
      <IsCdsUpgraded>0</IsCdsUpgraded>
      <GalleryItemId xsi:nil="true"></GalleryItemId>
      <BackgroundColor>rgba(255, 166, 0, 1)</BackgroundColor>
      <DisplayName>Innovation Campaign App</DisplayName>
      <Description>Use this app to submit ideas or solutions to challenges. You will also be able to vote and comment on others’ ideas or solutions, and help shape improvements across the SZC organisation,</Description>
      <CommitMessage>Save app with description provided in publish dialog.</CommitMessage>
      <Publisher></Publisher>
      <AuthorizationReferences>[]</AuthorizationReferences>
      <ConnectionReferences>{"7fd82160-0908-452b-8370-5b0496f36fc2":{"id":"/providers/microsoft.powerapps/apis/shared_sharepointonline","displayName":"SharePoint","iconUri":"https://conn-afd-prod-endpoint-bmc9bqahasf3grgk.b01.azurefd.net/v1.0.1754/1.0.1754.4231/sharepointonline/icon.png","dataSources":["ArchiveInnovationCampaign","InnovationCampaign","IC_Challenge_Comments","IC_Challenge_Solutions","Comments","IC_Challenge"],"dependencies":[],"dependents":[],"parameterHints":{},"parameterHintsV2":{},"isOnPremiseConnection":false,"bypassConsent":false,"dataSets":{"https://gencompany.sharepoint.com/sites/SZC-O365Grp-SZCDigitalReports_new_InnovationCampaignSiteURL":{"datasetOverride":{"name":"https://gencompany.sharepoint.com/sites/SZC-O365Grp-SZCDigitalReports","environmentVariableName":"new_InnovationCampaignSiteURL"},"dataSources":{"ArchiveInnovationCampaign":{"tableName":"5de1d883-c23d-4132-8631-2fe8d4af050e","tableNameOverride":{"name":"5de1d883-c23d-4132-8631-2fe8d4af050e","environmentVariableName":"new_InnovationCampaign_Archive_ListURL"}},"InnovationCampaign":{"tableName":"8678356d-0ffa-4fb6-b93e-6d78cf13223d","tableNameOverride":{"name":"8678356d-0ffa-4fb6-b93e-6d78cf13223d","environmentVariableName":"new_InnovationCampaign_ListURL"}},"IC_Challenge_Comments":{"tableName":"5a9ad4da-0100-407f-a7f7-1dad5610d9d8","tableNameOverride":{"name":"5a9ad4da-0100-407f-a7f7-1dad5610d9d8","environmentVariableName":"new_shared_sharepointonline_43261a50dd5a46b1a751d37df00f4f35"}},"IC_Challenge_Solutions":{"tableName":"01925f74-4682-47a2-93bd-305e6845e7b8","tableNameOverride":{"name":"01925f74-4682-47a2-93bd-305e6845e7b8","environmentVariableName":"new_shared_sharepointonline_d27ae97bd86b485cbed5ea5e69a668fa"}},"Comments":{"tableName":"70d74292-76b9-421d-a0c3-b9e690f9089c","tableNameOverride":{"name":"70d74292-76b9-421d-a0c3-b9e690f9089c","environmentVariableName":"new_InnovationCampaign_CommentList"}},"IC_Challenge":{"tableName":"4a1f62c7-450d-4b28-a13e-202e6dd8beda","tableNameOverride":{"name":"4a1f62c7-450d-4b28-a13e-202e6dd8beda","environmentVariableName":"new_InnovationCampaign_Challenge"}}}}},"apiTier":"Standard","actions":["providers/PowerPlatform.Governance/Operations/Read","providers/PowerPlatform.Governance/Operations/Write","providers/PowerPlatform.Governance/Operations/Delete"]},"903ff081-d302-4e9c-8218-26dd5ee500c8":{"id":"/providers/microsoft.powerapps/apis/shared_office365","displayName":"Office 365 Outlook","iconUri":"https://conn-afd-prod-endpoint-bmc9bqahasf3grgk.b01.azurefd.net/office365u_g_sqlPartialBuild/1.0.1759.4273/office365/icon.png","dataSources":["Office365Outlook"],"dependencies":[],"dependents":[],"parameterHints":{},"parameterHintsV2":{},"isOnPremiseConnection":false,"bypassConsent":false,"dataSets":{},"apiTier":"Standard","actions":["SendEmailV2"]}}</ConnectionReferences>
      <DatabaseReferences>{}</DatabaseReferences>
      <AppComponents>[]</AppComponents>
      <AppComponentDependencies>[]</AppComponentDependencies>
      <CanConsumeAppPass>1</CanConsumeAppPass>
      <CanvasAppType>0</CanvasAppType>
      <BypassConsent>0</BypassConsent>
      <AdminControlBypassConsent>0</AdminControlBypassConsent>
      <EmbeddedApp xsi:nil="true"></EmbeddedApp>
      <IntroducedVersion>1.0</IntroducedVersion>
      <CdsDependencies>{"cdsdependencies":[{"logicalname":"new_InnovationCampaignSiteURL","componenttype":380,"componenttypeplatformname":"EnvironmentVariableDefinition"},{"logicalname":"new_InnovationCampaign_Archive_ListURL","componenttype":380,"componenttypeplatformname":"EnvironmentVariableDefinition"},{"logicalname":"new_InnovationCampaign_ListURL","componenttype":380,"componenttypeplatformname":"EnvironmentVariableDefinition"},{"logicalname":"new_shared_sharepointonline_43261a50dd5a46b1a751d37df00f4f35","componenttype":380,"componenttypeplatformname":"EnvironmentVariableDefinition"},{"logicalname":"new_shared_sharepointonline_d27ae97bd86b485cbed5ea5e69a668fa","componenttype":380,"componenttypeplatformname":"EnvironmentVariableDefinition"},{"logicalname":"new_InnovationCampaign_CommentList","componenttype":380,"componenttypeplatformname":"EnvironmentVariableDefinition"},{"logicalname":"new_InnovationCampaign_Challenge","componenttype":380,"componenttypeplatformname":"EnvironmentVariableDefinition"}]}</CdsDependencies>
      <IsCustomizable>1</IsCustomizable>
      <BackgroundImageUri>/CanvasApps/new_pmoinnovationcampaign_cafeb_BackgroundImageUri</BackgroundImageUri>
      <DocumentUri>/CanvasApps/new_pmoinnovationcampaign_cafeb_DocumentUri.msapp</DocumentUri>
      <AdditionalUris>
        <AdditionalUri>/CanvasApps/new_pmoinnovationcampaign_cafeb_AdditionalUris0_identity.json</AdditionalUri>
      </AdditionalUris>
    </CanvasApp>
  </CanvasApps>
  <connectionreferences>
    <connectionreference connectionreferencelogicalname="new_sharedoffice365_05102">
      <connectionreferencedisplayname>Office 365 Outlook InnovationCampaign-05102</connectionreferencedisplayname>
      <connectorid>/providers/Microsoft.PowerApps/apis/shared_office365</connectorid>
      <iscustomizable>1</iscustomizable>
      <promptingbehavior>0</promptingbehavior>
      <statecode>0</statecode>
      <statuscode>1</statuscode>
    </connectionreference>
    <connectionreference connectionreferencelogicalname="new_sharedsharepointonline_43050">
      <connectionreferencedisplayname>SharePoint InnovationCampaign-43050</connectionreferencedisplayname>
      <connectorid>/providers/Microsoft.PowerApps/apis/shared_sharepointonline</connectorid>
      <iscustomizable>1</iscustomizable>
      <promptingbehavior>0</promptingbehavior>
      <statecode>0</statecode>
      <statuscode>1</statuscode>
    </connectionreference>
  </connectionreferences>
  <Languages>
    <Language>1033</Language>
  </Languages>
</ImportExportXml>