<environmentvariabledefinition schemaname="new_IC_Admin_Users_List">
  <apiid>/providers/microsoft.powerapps/apis/shared_sharepointonline</apiid>
  <displayname default="IC_Admin_Users_List">
    <label description="IC_Admin_Users_List" languagecode="1033" />
  </displayname>
  <introducedversion>1.0.0.34</introducedversion>
  <iscustomizable>1</iscustomizable>
  <isrequired>0</isrequired>
  <parameterkey>table</parameterkey>
  <parentdefinitionid>
    <schemaname>new_InnovationCampaignSiteURL</schemaname>
  </parentdefinitionid>
  <secretstore>0</secretstore>
  <type>100000004</type>
</environmentvariabledefinition>