<ImportExportXml xmlns:xsi="http://www.w3.org/2001/XMLSchema-instance" OrganizationVersion="9.2.25104.155" OrganizationSchemaType="Standard" CRMServerServiceabilityVersion="9.2.25104.00155">
  <Entities></Entities>
  <Roles></Roles>
  <Workflows></Workflows>
  <FieldSecurityProfiles></FieldSecurityProfiles>
  <Templates />
  <EntityMaps />
  <EntityRelationships />
  <OrganizationSettings />
  <optionsets />
  <CustomControls />
  <EntityDataProviders />
  <CanvasApps>
    <CanvasApp>
      <Name>pei_innovationcampaign_a435d</Name>
      <AppVersion>2025-11-19T19:20:49Z</AppVersion>
      <Status>Ready</Status>
      <CreatedByClientVersion>3.25111.6.0</CreatedByClientVersion>
      <MinClientVersion>3.25111.6.0</MinClientVersion>
      <Tags>{"primaryDeviceWidth":"1366","primaryDeviceHeight":"768","supportsPortrait":"true","supportsLandscape":"true","primaryFormFactor":"Tablet","showStatusBar":"false","publisherVersion":"3.25111.6","minimumRequiredApiVersion":"2.2.0","hasComponent":"true","hasUnlockedComponent":"true","isUnifiedRootApp":"false","sienaVersion":"20251119T181959Z-3.25111.6.0"}</Tags>
      <IsCdsUpgraded>0</IsCdsUpgraded>
      <GalleryItemId xsi:nil="true"></GalleryItemId>
      <BackgroundColor>rgba(255, 166, 0, 1)</BackgroundColor>
      <DisplayName>SZC Innovation Hub</DisplayName>
      <Description xsi:nil="true"></Description>
      <CommitMessage xsi:nil="true"></CommitMessage>
      <Publisher></Publisher>
      <AuthorizationReferences>[]</AuthorizationReferences>
      <ConnectionReferences>{"7fd82160-0908-452b-8370-5b0496f36fc2":{"id":"/providers/microsoft.powerapps/apis/shared_sharepointonline","displayName":"SharePoint","iconUri":"https://conn-afd-prod-endpoint-bmc9bqahasf3grgk.b01.azurefd.net/v1.0.1769/1.0.1769.4352/sharepointonline/icon.png","dataSources":["ArchiveInnovationCampaign","InnovationCampaign","IC_Challenge_Comments","IC_Challenge_Solutions","IC_Admin_Users_List","InnovationCampaign_AppUsage","IC_Feedback_List","IC_Challenge","Comments"],"dependencies":[],"dependents":[],"parameterHints":{},"parameterHintsV2":{},"isOnPremiseConnection":false,"bypassConsent":false,"dataSets":{"https://gencompany.sharepoint.com/sites/SZC-O365Grp-SZCDigitalReports_new_InnovationCampaignSiteURL":{"datasetOverride":{"name":"https://gencompany.sharepoint.com/sites/SZC-O365Grp-SZCDigitalReports","environmentVariableName":"new_InnovationCampaignSiteURL"},"dataSources":{"ArchiveInnovationCampaign":{"tableName":"5de1d883-c23d-4132-8631-2fe8d4af050e","tableNameOverride":{"name":"5de1d883-c23d-4132-8631-2fe8d4af050e","environmentVariableName":"new_InnovationCampaign_Archive_ListURL"}},"InnovationCampaign":{"tableName":"8678356d-0ffa-4fb6-b93e-6d78cf13223d","tableNameOverride":{"name":"8678356d-0ffa-4fb6-b93e-6d78cf13223d","environmentVariableName":"new_InnovationCampaign_ListURL"}},"IC_Challenge_Comments":{"tableName":"5a9ad4da-0100-407f-a7f7-1dad5610d9d8","tableNameOverride":{"name":"5a9ad4da-0100-407f-a7f7-1dad5610d9d8","environmentVariableName":"new_shared_sharepointonline_43261a50dd5a46b1a751d37df00f4f35"}},"IC_Challenge_Solutions":{"tableName":"01925f74-4682-47a2-93bd-305e6845e7b8","tableNameOverride":{"name":"01925f74-4682-47a2-93bd-305e6845e7b8","environmentVariableName":"new_shared_sharepointonline_d27ae97bd86b485cbed5ea5e69a668fa"}},"IC_Admin_Users_List":{"tableName":"f0e75ca3-65e8-4c34-bd63-d0ce5728d665","tableNameOverride":{"name":"f0e75ca3-65e8-4c34-bd63-d0ce5728d665","environmentVariableName":"new_IC_Admin_Users_List"}},"InnovationCampaign_AppUsage":{"tableName":"91a7da62-e84c-4439-bb2e-5cd3d799d3ef","tableNameOverride":{"name":"91a7da62-e84c-4439-bb2e-5cd3d799d3ef","environmentVariableName":"new_InnovationCampaign_AppUsage"}},"IC_Feedback_List":{"tableName":"6d8c48d8-8fef-4110-8723-c0f22fe1eb6b","tableNameOverride":{"name":"6d8c48d8-8fef-4110-8723-c0f22fe1eb6b","environmentVariableName":"new_IC_Feedback_List"}},"IC_Challenge":{"tableName":"4a1f62c7-450d-4b28-a13e-202e6dd8beda","tableNameOverride":{"name":"4a1f62c7-450d-4b28-a13e-202e6dd8beda","environmentVariableName":"new_InnovationCampaign_Challenge"}},"Comments":{"tableName":"70d74292-76b9-421d-a0c3-b9e690f9089c","tableNameOverride":{"name":"70d74292-76b9-421d-a0c3-b9e690f9089c","environmentVariableName":"new_InnovationCampaign_CommentList"}}}}},"apiTier":"Standard","actions":["providers/PowerPlatform.Governance/Operations/Read","providers/PowerPlatform.Governance/Operations/Write","providers/PowerPlatform.Governance/Operations/Delete"]},"903ff081-d302-4e9c-8218-26dd5ee500c8":{"id":"/providers/microsoft.powerapps/apis/shared_office365","displayName":"Office 365 Outlook","iconUri":"https://conn-afd-prod-endpoint-bmc9bqahasf3grgk.b01.azurefd.net/releases/v1.0.1782/1.0.1782.4452/office365/icon.png","dataSources":["Office365Outlook"],"dependencies":[],"dependents":[],"parameterHints":{},"parameterHintsV2":{},"isOnPremiseConnection":false,"bypassConsent":false,"dataSets":{},"apiTier":"Standard","actions":["SendEmailV2"]},"6f544c1b-3d18-4f9d-bd7c-f91a495feff7":{"id":"/providers/microsoft.powerapps/apis/shared_office365users","displayName":"Office 365 Users","iconUri":"https://conn-afd-prod-endpoint-bmc9bqahasf3grgk.b01.azurefd.net/releases/v1.0.1777/1.0.1777.4410/office365users/icon.png","dataSources":["Office365Users"],"dependencies":[],"dependents":[],"parameterHints":{},"parameterHintsV2":{},"isOnPremiseConnection":false,"bypassConsent":false,"dataSets":{},"apiTier":"Standard","actions":["SearchUser"]}}</ConnectionReferences>
      <DatabaseReferences>{}</DatabaseReferences>
      <AppComponents>[]</AppComponents>
      <AppComponentDependencies>[]</AppComponentDependencies>
      <CanConsumeAppPass>1</CanConsumeAppPass>
      <CanvasAppType>0</CanvasAppType>
      <BypassConsent>0</BypassConsent>
      <AdminControlBypassConsent>0</AdminControlBypassConsent>
      <EmbeddedApp xsi:nil="true"></EmbeddedApp>
      <IntroducedVersion>1.0</IntroducedVersion>
      <CdsDependencies>{"cdsdependencies":[{"logicalname":"new_InnovationCampaignSiteURL","componenttype":380,"componenttypeplatformname":"EnvironmentVariableDefinition"},{"logicalname":"new_InnovationCampaign_Archive_ListURL","componenttype":380,"componenttypeplatformname":"EnvironmentVariableDefinition"},{"logicalname":"new_InnovationCampaign_ListURL","componenttype":380,"componenttypeplatformname":"EnvironmentVariableDefinition"},{"logicalname":"new_shared_sharepointonline_43261a50dd5a46b1a751d37df00f4f35","componenttype":380,"componenttypeplatformname":"EnvironmentVariableDefinition"},{"logicalname":"new_shared_sharepointonline_d27ae97bd86b485cbed5ea5e69a668fa","componenttype":380,"componenttypeplatformname":"EnvironmentVariableDefinition"},{"logicalname":"new_IC_Admin_Users_List","componenttype":380,"componenttypeplatformname":"EnvironmentVariableDefinition"},{"logicalname":"new_InnovationCampaign_AppUsage","componenttype":380,"componenttypeplatformname":"EnvironmentVariableDefinition"},{"logicalname":"new_IC_Feedback_List","componenttype":380,"componenttypeplatformname":"EnvironmentVariableDefinition"},{"logicalname":"new_InnovationCampaign_Challenge","componenttype":380,"componenttypeplatformname":"EnvironmentVariableDefinition"},{"logicalname":"new_InnovationCampaign_CommentList","componenttype":380,"componenttypeplatformname":"EnvironmentVariableDefinition"}]}</CdsDependencies>
      <IsCustomizable>1</IsCustomizable>
      <BackgroundImageUri>/CanvasApps/pei_innovationcampaign_a435d_BackgroundImageUri</BackgroundImageUri>
      <DocumentUri>/CanvasApps/pei_innovationcampaign_a435d_DocumentUri.msapp</DocumentUri>
      <AdditionalUris>
        <AdditionalUri>/CanvasApps/pei_innovationcampaign_a435d_AdditionalUris0_identity.json</AdditionalUri>
      </AdditionalUris>
    </CanvasApp>
  </CanvasApps>
  <Languages>
    <Language>1033</Language>
  </Languages>
</ImportExportXml>