<ImportExportXml xmlns:xsi="http://www.w3.org/2001/XMLSchema-instance" OrganizationVersion="9.2.25094.157" OrganizationSchemaType="Standard" CRMServerServiceabilityVersion="9.2.25094.00157">
  <Entities></Entities>
  <Roles></Roles>
  <Workflows>
    <Workflow WorkflowId="{ff95bb3d-625a-f011-bec2-6045bd92fb8b}" Name="Email Requester of Vote Count">
      <JsonFileName>/Workflows/EmailRequesterofVoteCount-FF95BB3D-625A-F011-BEC2-6045BD92FB8B.json</JsonFileName>
      <Type>1</Type>
      <Subprocess>0</Subprocess>
      <Category>5</Category>
      <Mode>0</Mode>
      <Scope>4</Scope>
      <OnDemand>0</OnDemand>
      <TriggerOnCreate>0</TriggerOnCreate>
      <TriggerOnDelete>0</TriggerOnDelete>
      <AsyncAutodelete>0</AsyncAutodelete>
      <SyncWorkflowLogOnFailure>0</SyncWorkflowLogOnFailure>
      <StateCode>1</StateCode>
      <StatusCode>2</StatusCode>
      <RunAs>1</RunAs>
      <IsTransacted>1</IsTransacted>
      <IntroducedVersion>1.0.0.21</IntroducedVersion>
      <IsCustomizable>1</IsCustomizable>
      <IsCustomProcessingStepAllowedForOtherPublishers>1</IsCustomProcessingStepAllowedForOtherPublishers>
      <ModernFlowType>0</ModernFlowType>
      <PrimaryEntity>none</PrimaryEntity>
      <LocalizedNames>
        <LocalizedName languagecode="1033" description="Email Requester of Vote Count" />
      </LocalizedNames>
    </Workflow>
  </Workflows>
  <FieldSecurityProfiles></FieldSecurityProfiles>
  <Templates />
  <EntityMaps />
  <EntityRelationships />
  <OrganizationSettings />
  <optionsets />
  <CustomControls />
  <EntityDataProviders />
  <CanvasApps>
    <CanvasApp>
      <Name>new_pmoinnovationcampaign_cafeb</Name>
      <AppVersion>2025-09-08T14:18:51Z</AppVersion>
      <Status>Ready</Status>
      <CreatedByClientVersion>3.25084.7.0</CreatedByClientVersion>
      <MinClientVersion>3.25084.7.0</MinClientVersion>
      <Tags>{"primaryDeviceWidth":"1366","primaryDeviceHeight":"768","supportsPortrait":"true","supportsLandscape":"true","primaryFormFactor":"Tablet","showStatusBar":"false","publisherVersion":"3.25084.7","minimumRequiredApiVersion":"2.2.0","hasComponent":"true","hasUnlockedComponent":"true","isUnifiedRootApp":"false","sienaVersion":"20250907T135644Z-3.25074.8.0"}</Tags>
      <IsCdsUpgraded>0</IsCdsUpgraded>
      <GalleryItemId xsi:nil="true"></GalleryItemId>
      <BackgroundColor>rgba(255, 166, 0, 1)</BackgroundColor>
      <DisplayName>Innovation Campaign App</DisplayName>
      <Description></Description>
      <CommitMessage></CommitMessage>
      <Publisher></Publisher>
      <AuthorizationReferences>[]</AuthorizationReferences>
      <ConnectionReferences>{"7fd82160-0908-452b-8370-5b0496f36fc2":{"id":"/providers/microsoft.powerapps/apis/shared_sharepointonline","displayName":"SharePoint","iconUri":"https://conn-afd-prod-endpoint-bmc9bqahasf3grgk.b01.azurefd.net/v1.0.1762/1.0.1762.4298/sharepointonline/icon.png","dataSources":["IC_Challenge_Solutions","Comments","InnovationCampaign","IC_Challenge","IC_Challenge_Comments","ArchiveInnovationCampaign","InnovationCampaign_AppUsage"],"dependencies":[],"dependents":[],"parameterHints":{},"parameterHintsV2":{},"isOnPremiseConnection":false,"bypassConsent":false,"dataSets":{"https://365pace.sharepoint.com/sites/Playground_new_InnovationCampaignSiteURL":{"datasetOverride":{"name":"https://365pace.sharepoint.com/sites/Playground","environmentVariableName":"new_InnovationCampaignSiteURL"},"dataSources":{"IC_Challenge_Solutions":{"tableName":"bced2bb1-ec42-44e9-a5f7-40d1b9034d29","tableNameOverride":{"name":"bced2bb1-ec42-44e9-a5f7-40d1b9034d29","environmentVariableName":"new_shared_sharepointonline_d27ae97bd86b485cbed5ea5e69a668fa"}},"Comments":{"tableName":"8208a375-d9c5-44a9-98b3-b81abd0e0c8f","tableNameOverride":{"name":"8208a375-d9c5-44a9-98b3-b81abd0e0c8f","environmentVariableName":"new_InnovationCampaign_CommentList"}},"InnovationCampaign":{"tableName":"808b57ce-2745-4d58-b9f3-844d50d3eac8","tableNameOverride":{"name":"808b57ce-2745-4d58-b9f3-844d50d3eac8","environmentVariableName":"new_InnovationCampaign_ListURL"}},"IC_Challenge":{"tableName":"178517d0-8a8c-4cba-9207-45b338b8ed47","tableNameOverride":{"name":"178517d0-8a8c-4cba-9207-45b338b8ed47","environmentVariableName":"new_InnovationCampaign_Challenge"}},"IC_Challenge_Comments":{"tableName":"44d70a7b-960f-4a0e-9d1c-a45b8ff062b2","tableNameOverride":{"name":"44d70a7b-960f-4a0e-9d1c-a45b8ff062b2","environmentVariableName":"new_shared_sharepointonline_43261a50dd5a46b1a751d37df00f4f35"}},"ArchiveInnovationCampaign":{"tableName":"c41c3743-c599-474f-8e82-30093f3fd88b","tableNameOverride":{"name":"c41c3743-c599-474f-8e82-30093f3fd88b","environmentVariableName":"new_InnovationCampaign_Archive_ListURL"}},"InnovationCampaign_AppUsage":{"tableName":"02653272-84f9-43c2-8e0d-8cd0565d1397","tableNameOverride":{"name":"02653272-84f9-43c2-8e0d-8cd0565d1397","environmentVariableName":"new_InnovationCampaign_AppUsage"}}}}},"apiTier":"Standard","actions":["providers/PowerPlatform.Governance/Operations/Read","providers/PowerPlatform.Governance/Operations/Write","providers/PowerPlatform.Governance/Operations/Delete"]},"903ff081-d302-4e9c-8218-26dd5ee500c8":{"id":"/providers/microsoft.powerapps/apis/shared_office365","displayName":"Office 365 Outlook","iconUri":"https://conn-afd-prod-endpoint-bmc9bqahasf3grgk.b01.azurefd.net/v1.0.1763/1.0.1763.4311/office365/icon.png","dataSources":["Office365Outlook"],"dependencies":[],"dependents":[],"parameterHints":{},"parameterHintsV2":{},"isOnPremiseConnection":false,"bypassConsent":false,"dataSets":{},"apiTier":"Standard","actions":["SendEmailV2"]}}</ConnectionReferences>
      <DatabaseReferences>{}</DatabaseReferences>
      <AppComponents>[]</AppComponents>
      <AppComponentDependencies>[]</AppComponentDependencies>
      <CanConsumeAppPass>1</CanConsumeAppPass>
      <CanvasAppType>0</CanvasAppType>
      <BypassConsent>0</BypassConsent>
      <AdminControlBypassConsent>0</AdminControlBypassConsent>
      <EmbeddedApp xsi:nil="true"></EmbeddedApp>
      <IntroducedVersion>1.0</IntroducedVersion>
      <CdsDependencies>{"cdsdependencies":[{"componenttype":380,"logicalname":"new_InnovationCampaignSiteURL","componenttypeplatformname":"EnvironmentVariableDefinition"},{"componenttype":380,"logicalname":"new_shared_sharepointonline_d27ae97bd86b485cbed5ea5e69a668fa","componenttypeplatformname":"EnvironmentVariableDefinition"},{"componenttype":380,"logicalname":"new_InnovationCampaign_CommentList","componenttypeplatformname":"EnvironmentVariableDefinition"},{"componenttype":380,"logicalname":"new_InnovationCampaign_ListURL","componenttypeplatformname":"EnvironmentVariableDefinition"},{"componenttype":380,"logicalname":"new_InnovationCampaign_Challenge","componenttypeplatformname":"EnvironmentVariableDefinition"},{"componenttype":380,"logicalname":"new_shared_sharepointonline_43261a50dd5a46b1a751d37df00f4f35","componenttypeplatformname":"EnvironmentVariableDefinition"},{"componenttype":380,"logicalname":"new_InnovationCampaign_Archive_ListURL","componenttypeplatformname":"EnvironmentVariableDefinition"},{"componenttype":380,"logicalname":"new_InnovationCampaign_AppUsage","componenttypeplatformname":"EnvironmentVariableDefinition"}]}</CdsDependencies>
      <IsCustomizable>1</IsCustomizable>
      <BackgroundImageUri>/CanvasApps/new_pmoinnovationcampaign_cafeb_BackgroundImageUri</BackgroundImageUri>
      <DocumentUri>/CanvasApps/new_pmoinnovationcampaign_cafeb_DocumentUri.msapp</DocumentUri>
      <AdditionalUris>
        <AdditionalUri>/CanvasApps/new_pmoinnovationcampaign_cafeb_AdditionalUris0_identity.json</AdditionalUri>
      </AdditionalUris>
    </CanvasApp>
  </CanvasApps>
  <connectionreferences>
    <connectionreference connectionreferencelogicalname="new_sharedoffice365_05102">
      <connectionreferencedisplayname>Office 365 Outlook InnovationCampaign-05102</connectionreferencedisplayname>
      <connectorid>/providers/Microsoft.PowerApps/apis/shared_office365</connectorid>
      <iscustomizable>1</iscustomizable>
      <promptingbehavior>0</promptingbehavior>
      <statecode>0</statecode>
      <statuscode>1</statuscode>
    </connectionreference>
    <connectionreference connectionreferencelogicalname="new_sharedsharepointonline_43050">
      <connectionreferencedisplayname>SharePoint InnovationCampaign-43050</connectionreferencedisplayname>
      <connectorid>/providers/Microsoft.PowerApps/apis/shared_sharepointonline</connectorid>
      <iscustomizable>1</iscustomizable>
      <promptingbehavior>0</promptingbehavior>
      <statecode>0</statecode>
      <statuscode>1</statuscode>
    </connectionreference>
  </connectionreferences>
  <Languages>
    <Language>1033</Language>
  </Languages>
</ImportExportXml>