{"name":"b557b9b2-df8f-4f78-9f2f-6918641d6b50","id":"/providers/Microsoft.Flow/flows/b557b9b2-df8f-4f78-9f2f-6918641d6b50","type":"Microsoft.Flow/flows","properties":{"apiId":"/providers/Microsoft.PowerApps/apis/shared_logicflows","displayName":"Convert list item to PDF","definition":{"metadata":{"workflowEntityId":null,"processAdvisorMetadata":null,"flowChargedByPaygo":null,"migrationSourceId":"/subscriptions/55882782-6ca9-476d-b673-1a3163e5b9b3/resourceGroups/1a67444e6d144022b01cc225b1c02a3c-default1a67444e6d144022b01cc225b1c02a3c-env/providers/Microsoft.Logic/workflows/b557b9b2-df8f-4f78-9f2f-6918641d6b50-azshadow","flowclientsuspensionreason":"None","flowclientsuspensiontime":null,"flowclientsuspensionreasondetails":null,"creator":{"id":"a58251ac-7746-4fa1-a6af-fc494f25d8ac","type":"User","tenantId":"1a67444e-6d14-4022-b01c-c225b1c02a3c"},"provisioningMethod":"FromDefinition","failureAlertSubscription":true,"clientLastModifiedTime":"2025-09-18T12:02:03.7916499Z","clientCreatedTime":"2025-09-12T22:34:22.1731323Z","connectionKeySavedTimeKey":"2025-09-18T12:02:03.7916499Z","creationSource":"Portal","modifiedSources":"Portal"},"$schema":"https://schema.management.azure.com/providers/Microsoft.Logic/schemas/2016-06-01/workflowdefinition.json#","contentVersion":"1.0.0.0","parameters":{"$connections":{"defaultValue":{},"type":"Object"},"$authentication":{"defaultValue":{},"type":"SecureObject"}},"triggers":{"manual":{"splitOn":"@triggerBody()['rows']","metadata":{"operationMetadataId":"511e07d2-5513-4fda-bd11-86f362dfc145"},"type":"Request","kind":"ApiConnection","inputs":{"schema":{"type":"object","properties":{"rows":{"type":"array","items":{"type":"object","properties":{"entity":{"type":"object","properties":{"ID":{"title":"ID","type":"integer","format":"int64"}},"required":[]}},"required":[]}}},"required":[]},"host":{"connection":{"name":"@parameters('$connections')['shared_sharepointonline']['connectionId']"},"api":{"runtimeUrl":"https://default-1a67444e-6d14-4022-b01c-c225b1c02a3c.02.common.uk.azure-apihub.net/apim/sharepointonline"}},"operationId":"GetItemHybridTriggerSchema","parameters":{"dataset":"https://gencompany.sharepoint.com/sites/SZC-O365Grp-GST-INA","table":"066c80d5-8a8c-40a3-980c-ae834a081000"}}}},"actions":{"Get_item":{"runAfter":{},"metadata":{"operationMetadataId":"984b063a-88e9-4f43-91b6-2751b1f999bb"},"type":"OpenApiConnection","inputs":{"host":{"apiId":"/providers/Microsoft.PowerApps/apis/shared_sharepointonline","connectionName":"shared_sharepointonline","operationId":"GetItem"},"parameters":{"dataset":"https://gencompany.sharepoint.com/sites/SZC-O365Grp-GST-INA","table":"066c80d5-8a8c-40a3-980c-ae834a081000","id":"@triggerBody()?['entity']?['ID']"},"authentication":{"value":"@json(decodeBase64(triggerOutputs().headers['X-MS-APIM-Tokens']))['$ConnectionKey']","type":"Raw"}}},"Convert_file_(to_PDF)":{"runAfter":{"Create_file":["Succeeded"]},"metadata":{"operationMetadataId":"19cadb8b-cfa4-4876-b45e-3d72bd62d6d8"},"type":"OpenApiConnection","inputs":{"host":{"apiId":"/providers/Microsoft.PowerApps/apis/shared_onedriveforbusiness","connectionName":"shared_onedriveforbusiness","operationId":"ConvertFile"},"parameters":{"id":"@outputs('Create_file')?['body/Id']","type":"PDF"},"authentication":{"value":"@json(decodeBase64(triggerOutputs().headers['X-MS-APIM-Tokens']))['$ConnectionKey']","type":"Raw"}}},"Create_file":{"runAfter":{"Compose_":["Succeeded"]},"metadata":{"operationMetadataId":"c02daee0-53f7-4d6e-bd46-6e7eed6e2d84"},"type":"OpenApiConnection","inputs":{"host":{"apiId":"/providers/Microsoft.PowerApps/apis/shared_onedriveforbusiness","connectionName":"shared_onedriveforbusiness","operationId":"CreateFile"},"parameters":{"folderPath":"/Shared Documents/General/5 INA SI/5.2 ISI Assessments/Target Assessment PDF test","name":"ListItem_@{outputs('Get_item')?['body/ID']}.html","body":"@outputs('Compose_')"},"authentication":{"value":"@json(decodeBase64(triggerOutputs().headers['X-MS-APIM-Tokens']))['$ConnectionKey']","type":"Raw"}},"runtimeConfiguration":{"contentTransfer":{"transferMode":"Chunked"}}},"Create_SharePoint_file_":{"runAfter":{"Convert_file_(to_PDF)":["Succeeded"]},"metadata":{"operationMetadataId":"e66560d2-f2f2-45b8-a2df-ac9c7bd7f79b"},"type":"OpenApiConnection","inputs":{"host":{"apiId":"/providers/Microsoft.PowerApps/apis/shared_sharepointonline","connectionName":"shared_sharepointonline","operationId":"CreateFile"},"parameters":{"dataset":"https://gencompany.sharepoint.com/sites/SZC-O365Grp-GST-INA","folderPath":"/Shared Documents/General/3 Reporting/3.8 Targeted Assessment Reports/3.8.1 Generated Targeted Assessment PDF Reports","name":"@{outputs('Get_item')?['body/field_6']}-@{outputs('Get_item')?['body/Title']} Targeted Assessment (@{utcNow('MMddHHmm')}).pdf","body":"@body('Convert_file_(to_PDF)')"},"authentication":{"value":"@json(decodeBase64(triggerOutputs().headers['X-MS-APIM-Tokens']))['$ConnectionKey']","type":"Raw"}},"description":"Creates the final file and saves it to the target folder. To avoid override errors, the date and time (formatted MMddHHmm) is added to the end of the file","runtimeConfiguration":{"contentTransfer":{"transferMode":"Chunked"}}},"Compose_":{"runAfter":{"Get_item":["Succeeded"]},"metadata":{"operationMetadataId":"56aab52f-5a77-4059-a40f-f43a89a4c15e"},"type":"Compose","inputs":"<!-- This punctions signifies a comment. It has no impact on the code functionality -->\n\n<html>\n<!-- This is all of the formmating for the document -->\n  <head>\n    <style>\n      body { font-family: Arial, sans-serif; padding: 20px; }\n      h2 { color: #2e6c80; }\n      table { border-collapse: collapse; width: 100%; }\n      th, td { border: 1px solid #ccc; padding: 8px; text-align: left; vertical-align: top; }\n      th { background-color: #f2f2f2; width: 30%; }\n    </style>\n  </head>\n  <body>\n    <h2>INA Targeted Assessment Report</h2>\n\n\n    <table>\n<!-- <tr> = Table Row, <th> = Table Header Cell, <td> = Table Data -->\n<!-- </##> indicated end of the row, header cell or data cell -->\n\n      <tr><th>Title</th><td>@{outputs('Get_item')?['body/Title']}</td></tr>\n      <tr><th>Name</th><td>@{outputs('Get_item')?['body/field_5/Value']}</td></tr>\n      <tr><th>Date Completed</th><td>@{outputs('Get_item')?['body/field_6']}</td></tr>\n\n      <tr><th>Assessment Sensitivity Rating</th><td>@{outputs('Get_item')?['body/field_7/Value']}</td></tr>\n      <tr><th>Scope of Assessment</th><td>@{outputs('Get_item')?['body/field_8']}</td></tr>\n      <tr><th>Topic Category Being Assessed</th><td>@{outputs('Get_item')?['body/field_9/Value']}</td></tr>\n\n      <tr><th>Relates to a Licence Condition?</th><td>@{outputs('Get_item')?['body/field_11/Value']}</td></tr>\n\n@{concat(\r\n  '<tr><th>Licence Conditions Targeted</th><td>',\r\n  if(empty(outputs('Get_item')?['body/field_10/Value']), 'N/A', outputs('Get_item')?['body/field_10/Value']),\r\n  '</td></tr>'\r\n)}\n<!-- This above line allows N/A to be displaed if the assessment doesn't relate to a licence condition -->\n\n      <tr><th>Persons/Departments Assessed</th><td>@{outputs('Get_item')?['body/field_12']}</td></tr>\n      <tr><th>Assessment Summary</th><td>@{outputs('Get_item')?['body/field_22']}</td></tr>\n      <tr><th>Findings</th><td>@{outputs('Get_item')?['body/field_15/Value']}</td></tr>\n      <tr><th>Observations</th><td>@{outputs('Get_item')?['body/field_18/Value']}</td></tr>\n      <tr><th>Actions</th><td>@{outputs('Get_item')?['body/field_21']}</td></tr>\n      <tr><th>Executive Summary</th><td>@{outputs('Get_item')?['body/field_14']}</td></tr>\n      <tr><th>Persons Interviewed</th><td>@{outputs('Get_item')?['body/field_23']}</td></tr>\n      <tr><th>Documents Reviewed</th><td>@{outputs('Get_item')?['body/field_24']}</td></tr>\n      <tr><th>INA Assessors</th><td>@{outputs('Get_item')?['body/field_25']}</td></tr>\n      <tr><th>Assessment Rating</th><td>@{outputs('Get_item')?['body/field_26/Value']}</td></tr>\n      <tr><th>Name of Reviewer</th><td>@{outputs('Get_item')?['body/field_28']}</td></tr>\n      <tr><th>Effectiveness of Assurance Arrangements</th><td>@{outputs('Get_item')?['body/How_x0020_Effective_x0020_Are_x0']}</td></tr>\n<tr><th>INA Topic Areas Identified </th><td>@{outputs('Get_item')?['body/INA_x0020_Topic_x0020_Area_x0020/Value']}</td></tr>\n\n    </table>\n  </body>\n</html>\n\n\n","description":"This action creates the raw document that will become the PDF. This is written in html format. Comments are added throughout for clarity "}},"outputs":{},"description":"This flow converts a line of the Targeted Assessment list and converts it to a PDF report.\nThe report will be saved to the 'Generated Target Assessment PDF Reports' folder 3.8.1 in the INA shared documents.\nPLEASE NOTE: Any changes to the destination file name will need updating in flow"},"connectionReferences":{"shared_sharepointonline":{"connectionName":"4e931723b3484b5ebf32b13882c7217c","source":"Invoker","id":"/providers/Microsoft.PowerApps/apis/shared_sharepointonline","tier":"NotSpecified","apiName":"sharepointonline","isProcessSimpleApiReferenceConversionAlreadyDone":false},"shared_onedriveforbusiness":{"connectionName":"shared-onedriveforbu-5c744cb1-2916-49a6-b2af-5d86e939c969","source":"Invoker","id":"/providers/Microsoft.PowerApps/apis/shared_onedriveforbusiness","tier":"NotSpecified","apiName":"onedriveforbusiness","isProcessSimpleApiReferenceConversionAlreadyDone":false}},"flowFailureAlertSubscribed":false,"isManaged":false}}