{
  "properties": {
    "connectionReferences": {
      "shared_sharepointonline": {
        "runtimeSource": "invoker",
        "connection": {
          "connectionReferenceLogicalName": "new_sharedsharepointonline_43050"
        },
        "api": {
          "name": "shared_sharepointonline"
        }
      }
    },
    "definition": {
      "$schema": "https://schema.management.azure.com/providers/Microsoft.Logic/schemas/2016-06-01/workflowdefinition.json#",
      "contentVersion": "1.0.0.0",
      "parameters": {
        "$connections": {
          "defaultValue": {},
          "type": "Object"
        },
        "$authentication": {
          "defaultValue": {},
          "type": "SecureObject"
        },
        "InnovationCampaignSiteURL (new_InnovationCampaignSiteURL)": {
          "defaultValue": "https://365pace.sharepoint.com/sites/Playground",
          "type": "String",
          "metadata": {
            "schemaName": "new_InnovationCampaignSiteURL"
          }
        },
        "InnovationCampaignPDFDocLibURL (new_InnovationCampaignPDFDocLibURL)": {
          "defaultValue": "/ExportPDF",
          "type": "String",
          "metadata": {
            "schemaName": "new_InnovationCampaignPDFDocLibURL"
          }
        }
      },
      "triggers": {
        "manual": {
          "metadata": {
            "operationMetadataId": "92858aec-2d1b-4b8f-9b7b-e45f00a3ec88"
          },
          "type": "Request",
          "kind": "PowerAppV2",
          "inputs": {
            "schema": {
              "type": "object",
              "properties": {
                "file": {
                  "title": "PDF File",
                  "type": "object",
                  "x-ms-dynamically-added": true,
                  "description": "Please select file or image",
                  "x-ms-content-hint": "FILE",
                  "properties": {
                    "name": {
                      "type": "string"
                    },
                    "contentBytes": {
                      "type": "string",
                      "format": "byte"
                    }
                  }
                }
              },
              "required": []
            }
          }
        }
      },
      "actions": {
        "Create_file": {
          "runAfter": {},
          "metadata": {
            "operationMetadataId": "02ef1a57-07e2-403f-be70-da551d3149fe"
          },
          "type": "OpenApiConnection",
          "inputs": {
            "host": {
              "connectionName": "shared_sharepointonline",
              "operationId": "CreateFile",
              "apiId": "/providers/Microsoft.PowerApps/apis/shared_sharepointonline"
            },
            "parameters": {
              "dataset": "@parameters('InnovationCampaignSiteURL (new_InnovationCampaignSiteURL)')",
              "folderPath": "@parameters('InnovationCampaignPDFDocLibURL (new_InnovationCampaignPDFDocLibURL)')",
              "name": "PDF-Test-@{utcNow()}",
              "body": "@triggerBody()['file']['contentBytes']"
            },
            "authentication": "@parameters('$authentication')"
          },
          "runtimeConfiguration": {
            "contentTransfer": {
              "transferMode": "Chunked"
            }
          }
        },
        "Compose": {
          "runAfter": {
            "Create_file": [
              "Succeeded"
            ]
          },
          "metadata": {
            "operationMetadataId": "fe4c05b2-294f-47ef-9d1e-61a233931a06"
          },
          "type": "Compose",
          "inputs": "@{parameters('InnovationCampaignSiteURL (new_InnovationCampaignSiteURL)')}/_layouts/15/download.aspx?SourceUrl=/sites/InnovationCampaign/@{outputs('Create_file')?['body/Path']}"
        },
        "Respond_to_a_Power_App_or_flow": {
          "runAfter": {
            "Compose": [
              "Succeeded"
            ]
          },
          "metadata": {
            "operationMetadataId": "2eaa3745-f65e-498c-a656-a48fbc5d35d7"
          },
          "type": "Response",
          "kind": "PowerApp",
          "inputs": {
            "statusCode": 200,
            "body": {
              "output": "@{outputs('Compose')}"
            },
            "schema": {
              "type": "object",
              "properties": {
                "output": {
                  "title": "Output",
                  "x-ms-dynamically-added": true,
                  "type": "string"
                }
              }
            }
          }
        }
      }
    },
    "templateName": ""
  },
  "schemaVersion": "1.0.0.0"
}