<environmentvariabledefinition schemaname="new_shared_sharepointonline_d27ae97bd86b485cbed5ea5e69a668fa">
  <apiid>/providers/microsoft.powerapps/apis/shared_sharepointonline</apiid>
  <displayname default="IC_Challenge_Solutions">
    <label description="IC_Challenge_Solutions" languagecode="1033" />
  </displayname>
  <introducedversion>1.0.0.23</introducedversion>
  <iscustomizable>1</iscustomizable>
  <isrequired>0</isrequired>
  <parameterkey>table</parameterkey>
  <parentdefinitionid>
    <schemaname>new_InnovationCampaignSiteURL</schemaname>
  </parentdefinitionid>
  <secretstore>0</secretstore>
  <type>100000004</type>
</environmentvariabledefinition>