{"schemaVersion":"1.0","appDefinitionTemplate":{"id":"/providers/Microsoft.PowerApps/apps/","type":"Microsoft.PowerApps/apps","tags":{"primaryDeviceWidth":"1366","primaryDeviceHeight":"768","supportsPortrait":"true","supportsLandscape":"true","primaryFormFactor":"Tablet","showStatusBar":"false","publisherVersion":"3.25102.17","minimumRequiredApiVersion":"2.2.0","hasComponent":"true","hasUnlockedComponent":"true","isUnifiedRootApp":"false","sienaVersion":"20251029T152236Z-3.25102.17.0"},"properties":{"appVersion":"2025-10-29T15:22:36Z","lifeCycleId":"Published","createdByClientVersion":{"major":3,"minor":25102,"build":17,"revision":0,"majorRevision":0,"minorRevision":0},"minClientVersion":{"major":3,"minor":25102,"build":17,"revision":0,"majorRevision":0,"minorRevision":0},"backgroundColor":"rgba(255, 166, 0, 1)","backgroundImageUri":"/11350403750448650273/N5965d3d8-8045-4d08-81a4-73e4254d66e9-logoSmallFile","displayName":"Innovation Campaign App - Innovative Ideas Register","description":"","commitMessage":"","appUris":{"documentUri":{"value":"/11350403750448650273/Nf33756c9-31c4-4b13-9b89-8dde09a51c7c-document.msapp"},"imageUris":[],"additionalUris":[{"isSolutionAware":false,"value":"/11350403750448650273/Nfccabeea-1dcb-40f7-bc60-494042624d18-identity.json"}]},"createdTime":"0001-01-01T00:00:00Z","lastModifiedTime":"0001-01-01T00:00:00Z","sharedGroupsCount":0,"sharedUsersCount":0,"connectionReferences":{"7fd82160-0908-452b-8370-5b0496f36fc2":{"id":"84ceef8b-9c67-4cf4-b5eb-75dcad47a687","displayName":"SharePoint","iconUri":"https://conn-afd-prod-endpoint-bmc9bqahasf3grgk.b01.azurefd.net/v1.0.1769/1.0.1769.4352/sharepointonline/icon.png","dataSources":["Comments","IC_Admin_Users_List","IC_Challenge_Comments","InnovationCampaign_AppUsage","ArchiveInnovationCampaign","IC_Challenge","InnovationCampaign","IC_Challenge_Solutions","IC_Feedback_List"],"dependencies":[],"dependents":[],"parameterHints":{},"parameterHintsV2":{},"isOnPremiseConnection":false,"bypassConsent":false,"dataSets":{"https://gencompany.sharepoint.com/sites/SZC-O365Grp-SZCDigitalReports_new_InnovationCampaignSiteURL":{"datasetOverride":{"name":"https://gencompany.sharepoint.com/sites/SZC-O365Grp-SZCDigitalReports","environmentVariableName":"new_InnovationCampaignSiteURL"},"dataSources":{"Comments":{"tableName":"70d74292-76b9-421d-a0c3-b9e690f9089c","tableNameOverride":{"name":"70d74292-76b9-421d-a0c3-b9e690f9089c","environmentVariableName":"new_InnovationCampaign_CommentList"}},"IC_Admin_Users_List":{"tableName":"f0e75ca3-65e8-4c34-bd63-d0ce5728d665","tableNameOverride":{"name":"f0e75ca3-65e8-4c34-bd63-d0ce5728d665","environmentVariableName":"new_IC_Admin_Users_List"}},"IC_Challenge_Comments":{"tableName":"5a9ad4da-0100-407f-a7f7-1dad5610d9d8","tableNameOverride":{"name":"5a9ad4da-0100-407f-a7f7-1dad5610d9d8","environmentVariableName":"new_shared_sharepointonline_43261a50dd5a46b1a751d37df00f4f35"}},"InnovationCampaign_AppUsage":{"tableName":"91a7da62-e84c-4439-bb2e-5cd3d799d3ef","tableNameOverride":{"name":"91a7da62-e84c-4439-bb2e-5cd3d799d3ef","environmentVariableName":"new_InnovationCampaign_AppUsage"}},"ArchiveInnovationCampaign":{"tableName":"5de1d883-c23d-4132-8631-2fe8d4af050e","tableNameOverride":{"name":"5de1d883-c23d-4132-8631-2fe8d4af050e","environmentVariableName":"new_InnovationCampaign_Archive_ListURL"}},"IC_Challenge":{"tableName":"4a1f62c7-450d-4b28-a13e-202e6dd8beda","tableNameOverride":{"name":"4a1f62c7-450d-4b28-a13e-202e6dd8beda","environmentVariableName":"new_InnovationCampaign_Challenge"}},"InnovationCampaign":{"tableName":"8678356d-0ffa-4fb6-b93e-6d78cf13223d","tableNameOverride":{"name":"8678356d-0ffa-4fb6-b93e-6d78cf13223d","environmentVariableName":"new_InnovationCampaign_ListURL"}},"IC_Challenge_Solutions":{"tableName":"01925f74-4682-47a2-93bd-305e6845e7b8","tableNameOverride":{"name":"01925f74-4682-47a2-93bd-305e6845e7b8","environmentVariableName":"new_shared_sharepointonline_d27ae97bd86b485cbed5ea5e69a668fa"}},"IC_Feedback_List":{"tableName":"6d8c48d8-8fef-4110-8723-c0f22fe1eb6b","tableNameOverride":{"name":"6d8c48d8-8fef-4110-8723-c0f22fe1eb6b","environmentVariableName":"new_IC_Feedback_List"}}}}},"apiTier":"Standard","isCustomApiConnection":false,"actions":["providers/PowerPlatform.Governance/Operations/Read","providers/PowerPlatform.Governance/Operations/Write","providers/PowerPlatform.Governance/Operations/Delete"]},"903ff081-d302-4e9c-8218-26dd5ee500c8":{"id":"f954dc3a-e8e6-4a01-85c3-99481df888f8","displayName":"Office 365 Outlook","iconUri":"https://conn-afd-prod-endpoint-bmc9bqahasf3grgk.b01.azurefd.net/releases/v1.0.1777/1.0.1777.4410/office365/icon.png","dataSources":["Office365Outlook"],"dependencies":[],"dependents":[],"parameterHints":{},"parameterHintsV2":{},"isOnPremiseConnection":false,"bypassConsent":false,"dataSets":{},"apiTier":"Standard","isCustomApiConnection":false,"actions":["SendEmailV2"]},"6f544c1b-3d18-4f9d-bd7c-f91a495feff7":{"id":"e7dcb9fb-ab27-41d5-bf08-9302e7786315","displayName":"Office 365 Users","iconUri":"https://conn-afd-prod-endpoint-bmc9bqahasf3grgk.b01.azurefd.net/releases/v1.0.1777/1.0.1777.4410/office365users/icon.png","dataSources":["Office365Users"],"dependencies":[],"dependents":[],"parameterHints":{},"parameterHintsV2":{},"isOnPremiseConnection":false,"bypassConsent":false,"dataSets":{},"apiTier":"Standard","isCustomApiConnection":false,"actions":["SearchUser"]}},"databaseReferences":{},"almMode":"Environment","performanceOptimizationEnabled":true,"canConsumeAppPass":true,"enableModernRuntimeMode":false,"executionRestrictions":{"isTeamsOnly":false,"dataLossPreventionEvaluationResult":{"status":"Compliant","lastEvaluationDate":"2025-10-29T15:14:20.8197662Z","violations":[],"violationsByPolicy":[],"violationErrorMessage":"The app uses the following connectors: shared_sharepointonline, shared_office365, shared_office365users."}}},"isAppComponentLibrary":false,"appType":"ClassicCanvasApp","appComponents":[]}}